{
  "functions": {
    "source": "functions"
  },
  "hosting": {
    "public": "dist",
    "ignore": [
      "firebase.json",
      "**/.*",
      "**/node_modules/**"
    ],
    "rewrites": [
      {
        "source": "**",
        "destination": "/index.html"
      }
    ],
    "headers": [
      {
        "source": "**",
        "headers": [
          {
            "key": "Access-Control-Allow-Origin",
            "value": "*"
          }
        ]
      }
    ]
  },
  "emulators": {
    "functions": {
      "port": 5001
    },
    "hosting": {
      "port": 5002
    },
    "ui": {
      "enabled": true
    }
  }
}
